text,image
"üéÆ Coming soon: Degen Central, a new protocol that gamifies longing/shorting Rune price action. Get ready for the next big thing in the Ordinals ecosystem!
#ZAAR $ZAAR @Ordzaar @OdinSwap","C:/Users/micro/OneDrive/Desktop/Projects/Scripts/Ordzaar_Automation/images/o1.jpg"

"üí• Get ahead in DeFi on Bitcoin Layer 1 with OdinSwap! Swap between Runes & BTC and earn daily XP rewards for liquidity provision.
#ZAAR $ZAAR @Ordzaar @OdinSwap","C:/Users/micro/OneDrive/Desktop/Projects/Scripts/Ordzaar_Automation/images/o2.jpg"

"üìà Ordzaar‚Äôs airdrop is driven by core principles of fairness, inclusivity, and transparency. Participate now and earn $ZAAR rewards!
#ZAAR $ZAAR @Ordzaar @OdinSwap","C:/Users/micro/OneDrive/Desktop/Projects/Scripts/Ordzaar_Automation/images/o3.jpg"

"üîÆ Ordzaar is pioneering the Bitcoin Ordinals ecosystem, empowering creators and preserving digital art history. Join the movement today!
#ZAAR $ZAAR @Ordzaar @OdinSwap","C:/Users/micro/OneDrive/Desktop/Projects/Scripts/Ordzaar_Automation/images/o4.jpg"

"üåç With over 30 global workshops under its belt, Ordzaar is committed to onboarding users into the Bitcoin Ordinals & Runes ecosystem. Start your journey today!
#ZAAR $ZAAR @Ordzaar @OdinSwap","C:/Users/micro/OneDrive/Desktop/Projects/Scripts/Ordzaar_Automation/images/o5.jpg"

"‚ö°Ô∏è OdinSwap rewards users with XP based on the value of swaps. Boost your XP by increasing your swap volume and participate in the airdrop!
#ZAAR $ZAAR @Ordzaar @OdinSwap","C:/Users/micro/OneDrive/Desktop/Projects/Scripts/Ordzaar_Automation/images/o6.jpg"

"üé® With the Endless Art Ordinals, Ordzaar brings together 150+ communities to celebrate digital art on Bitcoin. Be part of something historic!
#ZAAR $ZAAR @Ordzaar @OdinSwap","C:/Users/micro/OneDrive/Desktop/Projects/Scripts/Ordzaar_Automation/images/o7.jpg"

"üí° Ordzaar‚Äôs strategic partnerships with top cross-chain projects ensure broader adoption and success. Don‚Äôt miss your chance to be part of this movement!
#ZAAR $ZAAR @Ordzaar @OdinSwap","C:/Users/micro/OneDrive/Desktop/Projects/Scripts/Ordzaar_Automation/images/o8.jpg"

"üöÄ Dive into the future of ordinals with @Ordzaar! Be part of the permissionless revolution in the Bitcoin space. Join our community of over 750,000 users today! #ZAAR $ZAAR @OdinSwap","C:/Users/micro/OneDrive/Desktop/Projects/Scripts/Ordzaar_Automation/images/o9.jpg"

"üé® Discover how Ordzaar is preserving cultural heritage! We're immortalizing Balinese art as Immutable Digital Artifacts. Join us in celebrating creativity on Bitcoin! #ZAAR $ZAAR @OdinSwap","C:/Users/micro/OneDrive/Desktop/Projects/Scripts/Ordzaar_Automation/images/o1.jpg"